last_changed,state
1737098344952,3257.6
1737106785375,3257.7
1737110285550,3257.8
1737118710961,3257.9
1737127151370,3258.0
1737134406730,3258.1
1737139071956,3258.2
1737147597374,3258.3
1737156112793,3258.4
1737159562959,3258.5
1737167953378,3258.6
1737176483787,3258.7
1737185214219,3258.8
1737188644379,3258.9
1737197254805,3259.0
1737205915224,3259.1
1737214655650,3259.2
1737218785857,3259.3
1737226716238,3259.4
1737235236652,3259.5
1737243732074,3259.6
1737247127242,3259.7
1737255532651,3259.8
1737264073070,3259.9
1737267573243,3260.0
1737275928647,3260.1
1737284454066,3260.2
1737293089489,3260.3
1737296484660,3260.4
1737304925074,3260.5
1737313385490,3260.6
1737316890662,3260.7
1737325186064,3260.8
1737333701487,3260.9
1737337121649,3261.0
1737345427061,3261.1
1737353382451,3261.2
1737357337643,3261.3
1737365733055,3261.4
1737374278475,3261.5
1737377638641,3261.6
1737386039059,3261.7
1737394534471,3261.8
1737397879639,3261.9
1737406155045,3262.0
1737409585213,3262.1
1737417715615,3262.2
1737421345795,3262.3
1737429446194,3262.4
1737437476588,3262.5
1737441156770,3262.6
1737449552181,3262.7
1737453092357,3262.8
1737461447765,3262.9
1737469813191,3263.0
1737473178348,3263.1
1737481323750,3263.2
1737484883924,3263.3
1737492944326,3263.4
1737501264730,3263.5
1737504569892,3263.6
1737512830307,3263.7
1737516270467,3263.8
1737524555883,3263.9
1737529886142,3264.0
1737536421463,3264.1
1737544876880,3264.2
1737548472059,3264.3
1737556722460,3264.4
1737565037874,3264.5
1737568443033,3264.6
1737576568444,3264.7
1737580118618,3264.8
1737588209019,3264.9
1737592999253,3265.0
1737599859589,3265.1
1737608215002,3265.2
1737611710178,3265.3
1737620025592,3265.4
1737628571007,3265.5
1737631946171,3265.6
1737640336585,3265.7
1737648812000,3265.8
1737652142166,3265.9
1737660352568,3266.0
1737663797741,3266.1
1737671918140,3266.2
1737675558320,3266.3
1737683623718,3266.4
1737692019131,3266.5
1737695364295,3266.6
1737703739710,3266.7
1737708904960,3266.8
1737715700295,3266.9
1737724150711,3267.0
1737732741135,3267.1
1737736111301,3267.2
1737744541714,3267.3
1737748116885,3267.4
1737756267304,3267.5
1737764537713,3267.6
1737767932882,3267.7
1737776148290,3267.8
1737779703467,3267.9
1737787883877,3268.0
1737793439139,3268.1
1737799714450,3268.2
1737808134874,3268.3
1737811650038,3268.4
1737819850441,3268.5
1737828220857,3268.6
1737831551021,3268.7
1737839766426,3268.8
1737843171597,3268.9
1737851377003,3269.0
1737854727166,3269.1
1737862927572,3269.2
1737866457745,3269.3
1737874658151,3269.4
1737878218327,3269.5
1737886478732,3269.6
1737894979152,3269.7
1737898469321,3269.8
1737906779733,3269.9
1737915185147,3270.0
1737918470312,3270.1
1737926765721,3270.2
1737930205889,3270.3
1737938451298,3270.4
1737941851466,3270.5
1737950051871,3270.6
1737953482041,3270.7
1737961682445,3270.8
1737965257625,3270.9
1737973473027,3271.0
1737981563427,3271.1
1737985248623,3271.2
1737993604019,3271.3
1737997114193,3271.4
1738005289595,3271.5
1738008819770,3271.6
1738016960185,3271.7
1738024540544,3271.8
1738028765757,3271.9
1738037116187,3272.0
1738040506334,3272.1
1738048851745,3272.2
1738053666990,3272.3
1738060842336,3272.4
1738069362761,3272.5
1738072917933,3272.6
1738078068183,3272.7
1738080303093,3272.8
1738081662082,3272.9
1738082588128,3273.0
1738083515174,3273.1
1738084445223,3273.2
1738085491274,3273.3
1738087241351,3273.4
1738090320026,3273.6
1738091326072,3273.7
1738092335120,3273.8
1738093675117,3273.9
1738095743212,3274.0
1738098163331,3274.1
1738099852412,3274.2
1738101628497,3274.3
1738103401583,3274.4
1738105962706,3274.5
1738109125857,3274.6
1738110876944,3274.7
1738111764827,3274.8
1738111769825,3274.9
1738111839828,3275.0
1738111909832,3275.1
1738111979835,3275.2
1738113220890,3275.3
1738114350948,3275.4
1738115275001,3275.5
1738116323045,3275.6
1738117503102,3275.7
1738118581157,3275.8
1738119653202,3275.9
1738120806264,3276.0
1738122036332,3276.1
1738124659444,3276.2
1738127445579,3276.3
1738129155660,3276.4
1738130928746,3276.5
1738132732831,3276.6
1738134916934,3276.7
1738138128098,3276.8
1738139938176,3276.9
1738141525256,3277.0
1738143147327,3277.1
1738145136422,3277.2
1738147998560,3277.3
1738150264676,3277.4
1738151824744,3277.5
1738153434821,3277.6
1738155371916,3277.7
1738157767031,3277.8
1738157842032,3277.9
1738157912038,3278.0
1738157987042,3278.1
1738158057045,3278.2
1738158132047,3278.3
1738158202048,3278.4
1738158287052,3278.5
1738158347056,3278.6
1738160457156,3278.7
1738161387205,3278.8
1738162246284,3278.9
1738163131285,3279.0
1738164242338,3279.1
1738166425444,3279.2
1738168649723,3279.2
1738168814566,3279.2
1738169299583,3279.3
1738171058668,3279.4
1738172705751,3279.5
1738174300827,3279.6
1738176035910,3279.7
1738177705987,3279.8
1738178868043,3279.9
1738180020098,3280.0
1738180175129,3280.0
1738181170152,3280.1
1738182305231,3280.1
1738182345214,3280.2
1738183495267,3280.3
1738184651329,3280.3
1738184661325,3280.4
1738184921334,3280.4
1738185306383,3280.4
1738185846378,3280.5
1738187044444,3280.6
1738188254493,3280.7
1738189768569,3280.8
1738189923579,3280.9
1738192409699,3281.0
1738194404795,3281.1
1738196120873,3281.2
1738197901961,3281.3
1738198246975,3281.4
1738198361982,3281.5
1738198572989,3281.6
1738199990061,3281.7
1738201087115,3281.8
1738202145707,3281.9
1738203135756,3282.0
1738204311814,3282.1
1738205818887,3282.2
1738208217002,3282.3
1738210848128,3282.4
1738212384203,3282.5
1738213976281,3282.6
1738215618355,3282.7
1738217289438,3282.8
1738219905565,3282.9
1738222433682,3283.0
1738223968758,3283.1
1738225587835,3283.2
1738227263915,3283.3
1738229890038,3283.4
1738232654173,3283.5
1738234184245,3283.6
1738235805322,3283.7
1738237460405,3283.8
1738240130534,3283.9
1738242977666,3284.0
1738244601741,3284.1
1738246202820,3284.2
1738247147864,3284.3
1738247262877,3284.4
1738247377877,3284.5
1738247487880,3284.6
1738247602886,3284.7
1738247717891,3284.8
1738248498935,3284.9
1738249496572,3284.9
1738250491595,3285.0
1738252068667,3285.1
1738252733700,3285.2
1738253488778,3285.2
1738253683749,3285.3
1738253793764,3285.3
1738254649828,3285.3
1738254889803,3285.4
1738254979816,3285.4
1738256005857,3285.5
1738257151910,3285.6
1738257732943,3285.6
1738258343118,3285.7
1738258548069,3285.7
1738258948003,3285.7
1738259453100,3285.7
1738259723091,3285.7
1738259733035,3285.8
1738260393087,3285.8
1738260658100,3285.8
1738261443118,3285.9
1738263081197,3286.0
1738264176250,3286.1
1738264871280,3286.2
1738265656316,3286.3
1738266401356,3286.4
1738267251402,3286.5
1738268331453,3286.6
1738269451507,3286.7
1738270561556,3286.8
1738271696611,3286.9
1738273066674,3287.0
1738274661754,3287.1
1738276686850,3287.2
1738277606894,3287.3
1738277721902,3287.4
1738277836908,3287.5
1738277946915,3287.6
1738278796955,3287.7
1738280437033,3287.8
1738282032111,3287.9
1738283527184,3288.0
1738285757281,3288.1
1738287477366,3288.2
1738288537416,3288.3
1738289483464,3288.4
1738290443509,3288.5
1738291993584,3288.6
1738294835721,3288.7
1738296813818,3288.8
1738298338890,3288.9
1738301142027,3289.0
1738303274130,3289.1
1738304789203,3289.2
1738307505332,3289.3
1738309646435,3289.4
1738311292122,3289.5
1738314134649,3289.6
1738316123744,3289.7
1738318714739,3289.8
1738318839748,3289.9
1738318964751,3290.0
1738319089757,3290.1
1738319214766,3290.2
1738321278860,3290.3
1738322188906,3290.4
1738323064950,3290.5
1738323944992,3290.6
1738324880043,3290.7
1738326465119,3290.8
1738328128198,3290.9
1738329755274,3291.0
1738331455355,3291.1
1738333221444,3291.2
1738334867516,3291.3
1738336559596,3291.4
1738338484694,3291.5
1738340145790,3291.6
1738341400835,3291.7
1738342945909,3291.8
1738344686991,3291.9
1738346447071,3292.0
1738348143152,3292.1
1738350688273,3292.2
1738353293394,3292.3
1738354893473,3292.4
1738356583552,3292.5
1738358253635,3292.6
1738360889755,3292.7
1738362454827,3292.8
1738364364925,3292.9
1738365889997,3293.0
1738367201060,3293.1
1738368804136,3293.2
1738371627270,3293.3
1738374307399,3293.4
1738375883470,3293.5
1738377513550,3293.6
1738379689649,3293.7
1738382526788,3293.8
1738384683910,3293.9
1738386294966,3294.0
1738387985046,3294.1
1738390902184,3294.2
1738393887327,3294.3
1738395642413,3294.4
1738397467507,3294.5
1738400552645,3294.6
1738403564784,3294.7
1738405289866,3294.8
1738407125960,3294.9
1738409048048,3295.0
1738409118052,3295.1
1738409193053,3295.2
1738409268058,3295.3
1738409338062,3295.4
1738409413068,3295.5
1738409483071,3295.6
1738409553069,3295.7
1738409628075,3295.8
1738409703717,3295.9
1738409773082,3296.0
1738409848091,3296.1
1738409918087,3296.2
1738409993087,3296.3
1738410063094,3296.4
1738410138104,3296.5
1738411148145,3296.6
1738414152290,3296.7
1738422929710,3296.8
1738426475879,3296.9
1738435017285,3297.0
1738443470684,3297.1
1738447066857,3297.2
1738455380255,3297.3
1738463758656,3297.4
1738467293824,3297.5
1738475581256,3297.6
1738484235625,3297.7
1738487765805,3297.8
1738496348209,3297.9
1738505063620,3298.0
1738513800039,3298.1
1738517259205,3298.2
1738519378707,3298.2
1738525768613,3298.3
1738534374024,3298.4
1738537824185,3298.5
1738546123588,3298.6
1738547935241,3298.7
1738548645256,3298.8
1738550252332,3298.9
1738552155425,3299.0
1738554961553,3299.1
1738557396674,3299.2
1738558987748,3299.3
1738560597829,3299.4
1738562248910,3299.5
1738564839033,3299.6
1738567431153,3299.7
1738568985228,3299.8
1738570580304,3299.9
1738572204383,3300.0
1738574414483,3300.1
1738577228616,3300.2
1738579125709,3300.3
1738580735788,3300.4
1738582370867,3300.5
1738584902985,3300.6
1738587714122,3300.7
1738588609166,3300.8
1738588679169,3300.9
1738588749168,3301.0
1738588819174,3301.1
1738590389243,3301.2
1738592030324,3301.3
1738593676404,3301.4
1738595842504,3301.5
1738598654642,3301.6
1738600564731,3301.7
1738602170808,3301.8
1738603806884,3301.9
1738605694977,3302.0
1738608505111,3302.1
1738610807217,3302.2
1738612397297,3302.3
1738614012374,3302.4
1738615642453,3302.5
1738617272527,3302.6
1738619682642,3302.7
1738622524780,3302.8
1738624405869,3302.9
1738626005947,3303.0
1738627633020,3303.1
1738630204145,3303.2
1738633025275,3303.3
1738634871366,3303.4
1738636471447,3303.5
1738638095523,3303.6
1738640561634,3303.7
1738643400769,3303.8
1738645273860,3303.9
1738646878939,3304.0
1738648503016,3304.1
1738651099139,3304.2
1738653949269,3304.3
1738655729355,3304.4
1738657319448,3304.5
1738658950506,3304.6
1738661756641,3304.7
1738664569776,3304.8
1738666239859,3304.9
1738667851942,3305.0
1738669747023,3305.1
1738673869025,3306.2
1738674483963,3306.3
1738675143993,3306.4
1738675824032,3306.5
1738676539061,3306.6
1738677634121,3306.7
1738679024184,3306.8
1738681434299,3306.9
1738684063417,3307.0
1738685848503,3307.1
1738687393577,3307.2
1738689023657,3307.3
1738691321769,3307.4
1738693909883,3307.5
1738695899979,3307.6
1738697092660,3307.7
1738698614735,3307.8
1738700210149,3307.9
1738702681260,3308.0
1738705318708,3308.1
1738706837773,3308.2
1738708233841,3308.3
1738709722908,3308.4
1738709823913,3308.5
1738709858914,3308.6
1738709928917,3308.7
1738710008920,3308.8
1738710089925,3308.9
1738710145927,3309.0
1738710205930,3309.1
1738710275933,3309.2
1738710344936,3309.3
1738710415939,3309.4
1738710485946,3309.5
1738710551946,3309.6
1738710636949,3309.7
1738710691951,3309.8
1738710766960,3309.9
1738710966970,3310.0
1738713393245,3310.1
1738713867376,3310.1
1738715117495,3310.2
1738716817513,3310.3
1738718378575,3310.4
1738719963646,3310.5
1738723053795,3310.6
1738726235941,3310.7
1738727976028,3310.8
1738729821114,3310.9
1738732516246,3311.0
1738735336384,3311.1
1738737321489,3311.2
1738738941548,3311.3
1738740936635,3311.4
1738743746779,3311.5
1738746541912,3311.6
1738748011968,3311.7
1738749522041,3311.8
1738751862156,3311.9
1738754722289,3312.0
1738757135417,3312.1
1738758710492,3312.2
1738760345554,3312.3
1738760420553,3312.4
1738760490558,3312.5
1738760560559,3312.6
1738760635563,3312.7
1738760705567,3312.8
1738760775572,3312.9
1738760850572,3313.0
1738761225591,3313.1
1738763775715,3313.2
1738766330834,3313.3
1738767805904,3313.4
1738768760947,3313.5
1738769645991,3313.6
1738770781044,3313.7
1738773471179,3313.8
1738776121296,3313.9
1738777621369,3314.0
1738779111440,3314.1
1738780871525,3314.2
1738783582660,3314.3
1738786167772,3314.4
1738787727847,3314.5
1738789397934,3314.6
1738791153009,3314.7
1738793803137,3314.8
1738796313259,3314.9
1738797828336,3315.0
1738799408400,3315.1
1738801303494,3315.2
1738802968575,3315.3
1738805262680,3315.4
1738807253777,3315.5
1738808868846,3315.6
1738810613927,3315.7
1738813469065,3315.8
1738816319198,3315.9
1738818039276,3316.0
1738819644362,3316.1
1738821854468,3316.2
1738824664593,3316.3
1738827164713,3316.4
1738828730823,3316.5
1738830346869,3316.6
1738832921986,3316.7
1738835742119,3316.8
1738837321191,3316.9
1738838411242,3317.0
1738839561295,3317.1
1738840771356,3317.2
1738841316386,3317.3
1738841386398,3317.4
1738841456392,3317.5
1738841526399,3317.6
1738841601399,3317.7
1738841671402,3317.8
1738841746405,3317.9
1738841816411,3318.0
1738841886415,3318.1
1738841961419,3318.2
1738842031421,3318.3
1738842101423,3318.4
1738842176429,3318.5
1738842246435,3318.6
1738842316436,3318.7
1738843361490,3318.8
1738846316631,3318.9
1738848262707,3319.0
1738849757785,3319.1
1738851392862,3319.2
1738853782975,3319.3
1738856473099,3319.4
1738857748159,3319.5
1738858753256,3319.6
1738859743248,3319.7
1738860758296,3319.8
1738861950348,3319.9
1738863311407,3320.0
1738864706495,3320.1
1738866171590,3320.2
1738867571626,3320.3
1738868591677,3320.4
1738869666727,3320.5
1738870761775,3320.6
1738871956838,3320.7
1738873461904,3320.8
1738874981977,3320.9
1738876522052,3321.0
1738877672106,3321.1
1738878765161,3321.2
1738879888214,3321.3
1738881033268,3321.4
1738882563337,3321.5
1738884729444,3321.6
1738887084557,3321.7
1738888574634,3321.8
1738890139710,3321.9
1738892063792,3322.0
1738894991926,3322.1
1738897532052,3322.2
1738899092125,3322.3
1738900763204,3322.4
1738903313325,3322.5
1738906188471,3322.6
1738908253557,3322.7
1738909868638,3322.8
1738911703725,3322.9
1738914598867,3323.0
1738917459997,3323.1
1738919048071,3323.2
1738920730769,3323.3
1738923160885,3323.4
1738926036026,3323.5
1738928173123,3323.6
1738929238175,3323.7
1738929308182,3323.8
1738929378183,3323.9
1738929453181,3324.0
1738929523183,3324.1
1738929593186,3324.2
1738929668193,3324.3
1738929738196,3324.4
1738929808197,3324.5
1738929878206,3324.6
1738929952206,3324.7
1738930027209,3324.8
1738930097211,3324.9
1738930172215,3325.0
1738930242218,3325.1
1738930317224,3325.2
1738932397321,3325.3
1738934007405,3325.4
1738935317463,3325.5
1738936657524,3325.6
1738938007590,3325.7
1738939057637,3325.8
1738940712721,3325.9
1738942407797,3326.0
1738943867868,3326.1
1738945442940,3326.2
1738946978014,3326.3
1738948528087,3326.4
1738950078162,3326.5
1738951678256,3326.6
1738953363327,3326.7
1738955358417,3326.8
1738958108551,3326.9
1738959688627,3327.0
1738960563668,3327.1
1738961568715,3327.2
1738962703767,3327.3
1738963853825,3327.4
1738965018884,3327.5
1738966208938,3327.6
1738967784061,3327.7
1738969409094,3327.8
1738971050168,3327.9
1738972175222,3328.0
1738973685293,3328.1
1738975280377,3328.2
1738976546437,3328.3
1738978192514,3328.4
1738979128569,3328.5
1738980308613,3328.6
1738981723685,3328.7
1738983501765,3328.8
1738985131845,3328.9
1738986781925,3329.0
1738989187037,3329.1
1738992022171,3329.2
1738994047263,3329.3
1738995642345,3329.4
1738997298430,3329.5
1738999838544,3329.6
1739002723680,3329.7
1739004703778,3329.8
1739006328854,3329.9
1739007973929,3330.0
1739010604062,3330.1
1739013453195,3330.2
1739015409285,3330.3
1739017024357,3330.4
1739018714434,3330.5
1739019929499,3330.6
1739019999556,3330.7
1739020074516,3330.8
1739020144508,3330.9
1739020219517,3331.0
1739020289516,3331.1
1739020364524,3331.2
1739020434521,3331.3
1739020509529,3331.4
1739020584532,3331.5
1739020669539,3331.6
1739022529622,3331.7
1739023564680,3331.8
1739024539739,3331.9
1739025504768,3332.0
1739026439813,3332.1
1739027449863,3332.2
1739028324912,3332.3
1739029209946,3332.4
1739030550007,3332.5
1739032847120,3332.6
1739034640211,3332.7
1739035685253,3332.8
1739036775305,3332.9
1739037895365,3333.0
1739039030414,3333.1
1739040185471,3333.2
1739041335523,3333.3
1739042711640,3333.4
1739044291663,3333.5
1739045726749,3333.6
1739048561861,3333.7
1739051932039,3333.8
1739057878319,3333.9
1739057948323,3334.0
1739058023325,3334.1
1739058098334,3334.2
1739058168333,3334.3
1739058243337,3334.4
1739059878416,3334.5
1739061398487,3334.6
1739062993562,3334.7
1739064628653,3334.8
1739066623737,3334.9
1739068963860,3335.0
1739070253909,3335.1
1739071489969,3335.2
1739072745029,3335.3
1739074200098,3335.4
1739075850178,3335.5
1739078332299,3335.6
1739081152436,3335.7
1739083072524,3335.8
1739084672624,3335.9
1739086307683,3336.0
1739088537783,3336.1
1739091372937,3336.2
1739093578042,3336.3
1739095158117,3336.4
1739096808202,3336.5
1739099073307,3336.6
1739101768442,3336.7
1739101843446,3336.8
1739101963451,3336.9
1739102088458,3337.0
1739102203461,3337.1
1739102323467,3337.2
1739102448473,3337.3
1739102568478,3337.4
1739102688486,3337.5
1739102808494,3337.6
1739102928496,3337.7
1739105063587,3337.8
1739106029634,3337.9
1739107154687,3338.0
1739108274740,3338.1
1739109619807,3338.2
1739111175878,3338.3
1739112755955,3338.4
1739114230028,3338.5
1739115340095,3338.6
1739116485148,3338.7
1739117652194,3338.8
1739118802243,3338.9
1739120237353,3339.0
1739121617379,3339.1
1739122907440,3339.2
1739124026496,3339.3
1739124940541,3339.4
1739126015597,3339.5
1739127070651,3339.6
1739128140697,3339.7
1739129234747,3339.8
1739129499764,3339.8
1739129659776,3339.8
1739129819789,3339.8
1739129919788,3339.8
1739130104822,3339.8
1739130459867,3339.8
1739130594824,3339.9
1739132130887,3340.0
1739133640968,3340.1
1739134831015,3340.2
1739135726074,3340.3
1739136616101,3340.4
1739137506148,3340.5
1739138361188,3340.6
1739139412240,3340.7
1739140822304,3340.8
1739142252375,3340.9
1739144442530,3341.0
1739145910552,3341.1
1739147325617,3341.2
1739148335672,3341.3
1739149310714,3341.4
1739150329764,3341.5
1739151264808,3341.6
1739152199855,3341.7
1739153139904,3341.8
1739154189968,3341.9
1739155376012,3342.0
1739157312111,3342.1
1739160072239,3342.2
1739162367370,3342.3
1739163932423,3342.4
1739165567509,3342.5
1739167208576,3342.6
1739169028662,3342.7
1739171888804,3342.8
1739174510005,3342.9
1739176075006,3343.0
1739177680082,3343.1
1739179335179,3343.2
1739181660282,3343.3
1739184540399,3343.4
1739186655520,3343.5
1739186975532,3343.6
1739187090535,3343.7
1739187200538,3343.8
1739190170677,3343.9
1739198986102,3344.0
1739202544278,3344.1
1739209639626,3344.2
1739210404650,3344.3
1739211249691,3344.4
1739212384756,3344.5
1739213724815,3344.6
1739214814868,3344.7
1739215829923,3344.8
1739216859974,3344.9
1739217435999,3345.0
1739217966027,3345.1
1739218496052,3345.2
1739219031077,3345.3
1739219641119,3345.4
1739220341136,3345.5
1739221131165,3345.6
1739221751205,3345.7
1739222501231,3345.8
1739223666285,3345.9
1739224886349,3346.0
1739225866398,3346.1
1739226856446,3346.2
1739227711490,3346.3
1739228571528,3346.4
1739229426569,3346.5
1739230301611,3346.6
1739231296796,3346.7
1739232231709,3346.8
1739233111747,3346.9
1739234046793,3347.0
1739235166855,3347.1
1739236411912,3347.2
1739237673984,3347.3
1739238921036,3347.4
1739240016092,3347.5
1739240941130,3347.6
1739241896179,3347.7
1739242881223,3347.8
1739244372293,3347.9
1739246022370,3348.0
1739247672470,3348.1
1739250271600,3348.2
1739253194718,3348.3
1739254909804,3348.4
1739256484880,3348.5
1739258074953,3348.6
1739259715042,3348.7
1739261390121,3348.8
1739264265262,3348.9
1739266890391,3349.0
1739268420480,3349.1
1739270025540,3349.2
1739270185560,3349.3
1739270305558,3349.4
1739270420564,3349.5
1739270535572,3349.6
1739270650574,3349.7
1739270770583,3349.8
1739270890586,3349.9
1739272955687,3350.0
1739273955741,3350.1
1739274985797,3350.2
1739276015839,3350.3
1739277035887,3350.4
1739278060937,3350.5
1739279095988,3350.6
1739280546062,3350.7
1739282121140,3350.8
1739287905078,3351.3
1739289551549,3351.4
1739291266629,3351.5
1739292786702,3351.6
1739294307774,3351.7
1739295722858,3351.8
1739297057906,3351.9
1739298705982,3352.0
1739300361063,3352.1
1739302021146,3352.2
1739303589227,3352.3
1739305104295,3352.4
1739306685405,3352.5
1739309216503,3352.6
1739311917626,3352.7
1739313428698,3352.8
1739314994770,3352.9
1739315454794,3353.0
1739315569804,3353.1
1739316384847,3353.2
1739317970926,3353.3
1739319906022,3353.4
1739321254089,3353.5
1739322585151,3353.6
1739323996216,3353.7
1739324961262,3353.8
1739325716300,3353.9
1739326706345,3354.0
1739328138420,3354.1
1739329607487,3354.2
1739331178563,3354.3
1739332798639,3354.4
1739334453725,3354.5
1739336608821,3354.6
1739339458965,3354.7
1739341719070,3354.8
1739343332150,3354.9
1739344982230,3355.0
1739346617308,3355.1
1739348272387,3355.2
1739349967469,3355.3
1739352122576,3355.4
1739354962711,3355.5
1739357145815,3355.6
1739358105862,3355.7
1739359100908,3355.8
1739360160959,3355.9
1739361156006,3356.0
1739362209052,3356.1
1739363666128,3356.2
1739365191200,3356.3
1739366426260,3356.4
1739367661322,3356.5
1739368756372,3356.6
1739369662420,3356.7
1739370607464,3356.8
1739371572508,3356.9
1739372507550,3357.0
1739373508600,3357.1
1739374518650,3357.2
1739374979671,3357.3
1739375094679,3357.4
1739375654705,3357.5
1739376929765,3357.6
1739378669849,3357.7
1739381064967,3357.8
1739382035009,3357.9
1739382920049,3358.0
1739383815095,3358.1
1739384763140,3358.2
1739385743186,3358.3
1739386718236,3358.4
1739387703284,3358.5
1739389550370,3358.6
1739391060443,3358.7
1739392551517,3358.8
1739393632573,3358.9
1739394628619,3359.0
1739395613664,3359.1
1739396619713,3359.2
1739397619762,3359.3
1739398544807,3359.4
1739399539852,3359.5
1739400539906,3359.6
1739402459996,3359.7
1739404710103,3359.8
1739406740199,3359.9
1739408105267,3360.0
1739409497559,3360.1
1739410920399,3360.2
1739412375471,3360.3
1739414285566,3360.4
1739416265658,3360.5
1739417665725,3360.6
1739418705777,3360.7
1739419655824,3360.8
1739420715921,3360.9
1739422185957,3361.0
1739423696026,3361.1
1739425306108,3361.2
1739427816214,3361.3
1739430646349,3361.4
1739432542441,3361.5
1739434137514,3361.6
1739435787596,3361.7
1739437927696,3361.8
1739440777836,3361.9
1739443197949,3362.0
1739444763026,3362.1
1739446396107,3362.2
1739448296195,3362.3
1739451136332,3362.4
1739452116380,3362.5
1739452236393,3362.6
1739452351390,3362.7
1739452471434,3362.8
1739452591403,3362.9
1739453141426,3363.0
1739455396541,3363.1
1739456467598,3363.2
1739457482651,3363.3
1739458637708,3363.4
1739459924757,3363.5
1739461245812,3363.6
1739462600881,3363.7
1739464764983,3363.8
1739465845041,3363.9
1739466851089,3364.0
1739467866137,3364.1
1739468867187,3364.2
1739469898238,3364.3
1739470985283,3364.4
1739473681413,3364.5
1739476621555,3364.6
1739478371638,3364.7
1739480016720,3364.8
1739481721803,3364.9
1739484036915,3365.0
1739486992053,3365.1
1739489082144,3365.2
1739489202153,3365.3
1739489322156,3365.4
1739489437164,3365.5
1739490022196,3365.6
1739491590278,3365.7
1739493150349,3365.8
1739494596420,3365.9
1739496186495,3366.0
1739497691569,3366.1
1739499156638,3366.2
1739500186690,3366.3
1739501227747,3366.4
1739502402800,3366.5
1739504028877,3366.6
1739506163974,3366.7
1739509019115,3366.8
1739511306220,3366.9
1739512884298,3367.0
1739514488378,3367.1
1739516379465,3367.2
1739519214599,3367.3
1739521993730,3367.4
1739523559810,3367.5
1739525150885,3367.6
1739526806963,3367.7
1739529577093,3367.8
1739532457233,3367.9
1739534237324,3368.0
1739534352335,3368.1
1739534472334,3368.2
1739534587341,3368.3
1739534707345,3368.4
1739534822353,3368.5
1739534942355,3368.6
1739535057359,3368.7
1739535517378,3368.8
1739537117454,3368.9
1739538447515,3369.0
1739539472566,3369.1
1739540507619,3369.2
1739541607672,3369.3
1739543004742,3369.4
1739545390854,3369.5
1739547400962,3369.6
1739548966032,3369.7
1739550081084,3369.8
1739551201131,3369.9
1739552307186,3370.0
1739553362234,3370.1
1739555438334,3370.2
1739558249770,3370.3
1739560091857,3370.4
1739561661934,3370.5
1739563232013,3370.6
1739565022096,3370.7
1739568712272,3370.8
1739577532700,3370.9
1739581092873,3371.0
1739590104305,3371.1
1739593631474,3371.2
1739602849919,3371.3
1739606440084,3371.4
1739615579528,3371.5
1739619181693,3371.6
1739628420141,3371.7
1739637962595,3371.8
1739641497767,3371.9
1739650788216,3372.0
1739654288383,3372.1
1739663549818,3372.2
1739667165007,3372.3
1739676421447,3372.4
1739680076621,3372.5
1739689393059,3372.6
1739699039530,3372.7
1739702529698,3372.8
1739712116155,3372.9
1739715782334,3373.0
1739725077781,3373.1
1739731963113,3373.2
1739737888397,3373.3
1739743698677,3373.4
1739750694016,3373.5
1739754356192,3373.6
1739763491636,3373.7
1739767176811,3373.8
1739776360251,3373.9
1739783595600,3374.0
1739789235875,3374.1
1739798731331,3374.2
1739802173498,3374.3
1739807703783,3374.4
1739809889876,3374.5
1739811796963,3374.6
1739813114028,3374.7
1739814980117,3374.8
1739817025219,3374.9
1739819040315,3375.0
1739820676390,3375.1
1739821770449,3375.2
1739822890507,3375.3
1739824025555,3375.4
1739825175616,3375.5
1739826320669,3375.6
1739827450726,3375.7
1739828555779,3375.8
1739829650825,3375.9
1739830740884,3376.0
1739831137973,3376.0
1739831807938,3376.1
1739838855276,3376.6
1739839525306,3376.7
1739841755415,3376.8
1739844390546,3376.9
1739845455598,3377.0
1739846970671,3377.1
1739848590750,3377.2
1739850250828,3377.3
1739850870857,3377.4
1739850990877,3377.5
1739851106627,3377.6
1739851365885,3377.7
1739851620892,3377.8
1739853240969,3377.9
1739854921052,3378.0
1739857646187,3378.1
1739860521323,3378.2
1739862321472,3378.3
1739863907491,3378.4
1739865532568,3378.5
1739867167658,3378.6
1739869292748,3378.7
1739871818872,3378.8
1739874546003,3378.9
1739876077078,3379.0
1739877662154,3379.1
1739879297239,3379.2
1739880802306,3379.3
1739882212378,3379.4
1739883610444,3379.5
1739885030509,3379.6
1739886457271,3379.7
1739887531628,3379.8
1739888581680,3379.9
1739889631738,3380.0
1739890682786,3380.1
1739897060094,3380.2
1739899695225,3380.3
1739901190296,3380.4
1739902745373,3380.5
1739904250458,3380.6
1739905650505,3380.7
1739906695561,3380.8
1739907776612,3380.9
1739908901665,3381.0
1739910386900,3381.1
1739911896824,3381.2
1739913436096,3381.3
1739914525946,3381.4
1739915470983,3381.5
1739916433037,3381.6
1739918488128,3381.7
1739920848251,3381.8
1739922663339,3381.9
1739923658383,3382.0
1739924688421,3382.1
1739926133495,3382.2
1739927618564,3382.3
1739929153637,3382.4
1739930425136,3382.5
1739931648769,3382.6
1739932900200,3382.7
1739934503938,3382.8
1739937438505,3382.9
1739939692686,3383.0
1739941246071,3383.1
1739944085792,3383.2
1739946690919,3383.3
1739948235512,3383.4
1739950926082,3383.5
1739953778342,3383.6
1739955283530,3383.7
1739957849675,3383.8
1739960465272,3383.9
1739961634158,3384.0
1739961750259,3384.1
1739961824255,3384.2
1739961988777,3384.3
1739962065743,3384.4
1739962205392,3384.5
1739962398554,3384.6
1739964500600,3384.7
1739967036505,3384.8
1739969555632,3384.9
1739970989785,3385.0
1739972474794,3385.1
1739973997863,3385.2
1739975532913,3385.3
1739976912967,3385.4
1739977957002,3385.5
1739979196187,3385.6
1739981517190,3385.7
1739983076233,3385.8
1739984321299,3385.9
1739985270743,3386.0
1739986314445,3386.1
1739987746574,3386.2
1739989215039,3386.3
1739990632697,3386.4
1739991784823,3386.5
1739992707918,3386.6
1739993787806,3386.7
1739995298995,3386.8
1739996814555,3386.9
1739998296012,3387.0
1739999249022,3387.1
1740000232286,3387.2
1740001536525,3387.3
1740002999794,3387.4
1740004454528,3387.5
1740005772339,3387.6
1740006744404,3387.7
1740008460476,3387.8
1740011009591,3387.9
1740012896820,3388.0
1740013906770,3388.1
1740015169552,3388.2
1740017114901,3388.3
1740018798973,3388.4
1740020019023,3388.5
1740020992075,3388.6
1740022247200,3388.7
1740023771288,3388.8
1740025675298,3388.9
1740027812412,3389.0
1740030335612,3389.1
1740033768693,3389.2
1740035441815,3389.3
1740038477916,3389.4
1740041484118,3389.5
1740043163137,3389.6
1740046579298,3389.7
1740049250425,3389.8
1740051296533,3389.9
1740052461670,3390.0
1740052585390,3390.1
1740052703174,3390.2
1740052819869,3390.3
1740052940643,3390.4
1740053063012,3390.5
1740053179651,3390.6
1740054643693,3390.7
1740055991852,3390.8
1740057012822,3390.9
1740058044855,3391.0
1740059592116,3391.1
1740061107133,3391.2
1740062597202,3391.3
1740063621260,3391.4
1740064648298,3391.5
1740066128370,3391.6
1740067699456,3391.7
1740069846550,3391.8
1740071348189,3391.9
1740072939703,3392.0
1740074304729,3392.1
1740075817790,3392.2
1740077142011,3392.3
1740078167583,3392.4
1740079529344,3392.5
1740080997467,3392.6
1740082499536,3392.7
1740083758831,3392.8
1740086577768,3392.9
1740092023400,3393.0
1740097408660,3393.1
1740098392691,3393.2
1740099378772,3393.3
1740100360774,3393.4
1740101357832,3393.5
1740107357120,3393.6
1740111752268,3393.7
1740113884446,3393.8
1740115367484,3393.9
1740117217521,3394.0
1740119931659,3394.1
1740121971750,3394.2
1740123479812,3394.3
1740125939891,3394.4
1740128871380,3394.5
1740130285441,3394.6
1740132345456,3394.7
1740135149920,3394.8
1740137253300,3394.9
1740138989265,3395.0
1740141614423,3395.1
1740144066170,3395.2
1740145243607,3395.3
1740146162827,3395.4
1740147165129,3395.5
1740150302915,3395.6
1740153171967,3395.7
1740154133058,3395.8
1740155245425,3395.9
1740157010107,3396.0
1740159209221,3396.1
1740161067244,3396.2
1740162037342,3396.3
1740162993382,3396.4
1740163971365,3396.5
1740164971428,3396.6
1740165991461,3396.7
1740167016506,3396.8
1740168031566,3396.9
1740169026613,3397.0
1740170461684,3397.1
1740177522028,3397.2
1740180352161,3397.3
1740183382302,3397.4
1740187818518,3397.5
1740189179359,3397.6
1740190110631,3397.7
1740191435690,3397.8
1740192775759,3397.9
1740194370829,3398.0
1740196350921,3398.1
1740199056064,3398.2
1740201358168,3398.3
1740202818239,3398.4
1740204329311,3398.5
1740205309359,3398.6
1740206234404,3398.7
1740207159443,3398.8
1740208194493,3398.9
1740209489561,3399.0
1740210759622,3399.1
1740212689713,3399.2
1740214505797,3399.3
1740216065872,3399.4
1740217665954,3399.5
1740219977066,3399.6
1740222828199,3399.7
1740224983296,3399.8
1740226553374,3399.9
1740227974450,3400.0
1740230094551,3400.1
1740233553715,3400.2
1740234478762,3400.3
1740234598769,3400.4
1740234718771,3400.5
1740234833777,3400.6
1740234953784,3400.7
1740235073787,3400.8
1740239153978,3400.9
1740241874131,3401.0
1740247350376,3401.1
1740250100501,3401.2
1740252260613,3401.3
1740252580635,3401.4
1740252690643,3401.5
1740253615675,3401.6
1740254580726,3401.7
1740255300756,3401.8
1740256280802,3401.9
1740257250853,3402.0
1740258262902,3402.1
1740259342952,3402.2
1740260383071,3402.3
1740261443054,3402.4
1740262413104,3402.5
1740263483158,3402.6
1740264578203,3402.7
1740265713253,3402.8
1740266828313,3402.9
1740267898366,3403.0
1740268878420,3403.1
1740269978471,3403.2
1740271097524,3403.3
1740272198574,3403.4
1740273308624,3403.5
1740274413677,3403.6
1740275528730,3403.7
1740276663786,3403.8
1740277828845,3403.9
1740279208907,3404.0
1740280738983,3404.1
1740282299062,3404.2
1740283439115,3404.3
1740284329158,3404.4
1740284439163,3404.5
1740284544167,3404.6
1740284654248,3404.7
1740284914189,3404.8
1740286399259,3404.9
1740287979336,3405.0
1740289589400,3405.1
1740291224487,3405.2
1740292879564,3405.3
1740295664695,3405.4
1740298361824,3405.5
1740299866903,3405.6
1740301451976,3405.7
1740303077058,3405.8
1740304747134,3405.9
1740306817230,3406.0
1740309567367,3406.1
1740312031486,3406.2
1740312146491,3406.3
1740312261501,3406.4
1740312376499,3406.5
1740312671519,3406.6
1740313456549,3406.7
1740313871567,3406.8
1740314951616,3406.9
1740316051672,3407.0
1740317161725,3407.1
1740318326781,3407.2
1740319511841,3407.3
1740321081919,3407.4
1740322586984,3407.5
1740324111061,3407.6
1740325551127,3407.7
1740326616197,3407.8
1740327696230,3407.9
1740328796284,3408.0
1740329875346,3408.1
1740330795399,3408.2
1740331825441,3408.3
1740332840495,3408.4
1740333915537,3408.5
1740334985585,3408.6
1740336070646,3408.7
1740337155699,3408.8
1740338265750,3408.9
1740339370805,3409.0
1740340460851,3409.1
1740341555905,3409.2
1740342680955,3409.3
1740344296040,3409.4
1740345926113,3409.5
1740346892158,3409.6
1740348253226,3409.7
1740349710297,3409.8
1740351275373,3409.9
1740352850454,3410.0
1740354420525,3410.1
1740356030602,3410.2
1740357588676,3410.3
1740358853741,3410.4
1740360023799,3410.5
1740361408871,3410.6
1740362693935,3410.7
1740363678981,3410.8
1740364689025,3410.9
1740365699073,3411.0
1740366694119,3411.1
1740367899176,3411.2
1740369519255,3411.3
1740371149336,3411.4
1740372799412,3411.5
1740374444491,3411.6
1740376774608,3411.7
1740379629746,3411.8
1740381634834,3411.9
1740383214914,3412.0
1740384819995,3412.1
1740386450083,3412.2
1740388110153,3412.3
1740389905238,3412.4
1740392600363,3412.5
1740395355496,3412.6
1740396901575,3412.7
1740398442643,3412.8
1740400057722,3412.9
1740401699704,3413.0
1740403598794,3413.1
1740405979919,3413.2
1740407565988,3413.3
1740409116061,3413.4
1740410549063,3413.5
1740411887127,3413.6
1740413318189,3413.7
1740414769259,3413.8
1740416230337,3413.9
1740417951418,3414.0
1740419341511,3414.1
1740420742423,3414.2
1740422182619,3414.3
1740423362675,3414.4
1740424782743,3414.5
1740425712787,3414.6
1740427083850,3414.7
1740428418968,3414.8
1740429010949,3414.9
1740429931992,3415.0
1740430907043,3415.1
1740432202102,3415.2
1740433722174,3415.3
1740435410259,3415.4
1740437335351,3415.5
1740443665657,3415.6
1740444325688,3415.7
1740445190728,3415.8
1740446145771,3415.9
1740447625849,3416.0
1740449075918,3416.1
1740451437028,3416.2
1740452930098,3416.3
1740454491175,3416.4
1740456403263,3416.5
1740458352362,3416.6
1740459707466,3416.7
1740461987543,3416.8
1740464807673,3416.9
1740466362747,3417.0
1740468257908,3417.1
1740471017969,3417.2
1740473203079,3417.3
1740474673146,3417.4
1740477363275,3417.5
1740480118399,3417.6
1740481613468,3417.7
1740483793576,3417.8
1740486178691,3417.9
1740486678716,3418.0
1740486793722,3418.1
1740486908726,3418.2
1740487023731,3418.3
1740487143738,3418.4
1740487808777,3418.5
1740489144831,3418.6
1740490251775,3418.7
1740491743836,3418.8
1740493497165,3418.9
1740494747226,3419.0
1740495997291,3419.1
1740496342477,3419.1
1740496942629,3419.1
1740497007342,3419.2
1740497477365,3419.2
1740497647381,3419.2
1740497752388,3419.2
1740498042405,3419.2
1740498207391,3419.3
1740498272402,3419.3
1740498842448,3419.3
1740499157448,3419.3
1740499697484,3419.4
1740501234538,3419.5
1740502669611,3419.6
1740503544648,3419.7
1740504569698,3419.8
1740504919738,3419.8
1740505204741,3419.8
1740505364756,3419.8
1740505589751,3419.8
1740505594749,3419.9
1740505929778,3419.9
1740506554812,3419.9
1740507024822,3420.0
1740508504896,3420.1
1740509334946,3420.1
1740509944957,3420.2
1740511015002,3420.3
1740511960054,3420.4
1740512875100,3420.5
1740514095158,3420.6
1740515340216,3420.7
1740516625272,3420.8
1740518402364,3420.9
1740523538611,3421.0
1740526443752,3421.1
1740526558760,3421.2
1740526678771,3421.3
1740526798770,3421.4
1740526918778,3421.5
1740527033810,3421.6
1740527153792,3421.7
1740527463804,3421.8
1740528268844,3421.9
1740529608908,3422.0
1740531048987,3422.1
1740532494042,3422.2
1740533959111,3422.3
1740535879204,3422.4
1740539201361,3422.5
1740540720434,3422.6
1740541985494,3422.7
1740542616528,3422.8
1740544217601,3422.9
1740546608722,3423.0
1740549418854,3423.1
1740551318944,3423.2
1740552884020,3423.3
1740554729112,3423.4
1740557594253,3423.5
1740560224372,3423.6
1740561739442,3423.7
1740563310515,3423.8
1740566051651,3423.9
1740568878796,3424.0
1740569842844,3424.1
1740569957849,3424.2
1740570072855,3424.3
1740570187874,3424.4
1740570752890,3424.5
1740572277947,3424.6
1740574449051,3424.7
1740574657073,3424.7
1740575872141,3424.7
1740576196152,3424.7
1740576316141,3424.8
1740576466182,3424.8
1740576821178,3424.8
1740577231186,3424.9
1740577391543,3424.9
1740578476241,3425.0
1740579766306,3425.1
1740580701351,3425.2
1740581651406,3425.3
1740582281432,3425.4
1740583305493,3425.4
1740583505493,3425.5
1740584205524,3425.6
1740586756654,3425.7
1740587597171,3425.8
1740589043071,3425.8
1740589118056,3425.9
1740590008101,3426.0
1740590989149,3426.1
1740592004207,3426.2
1740593059263,3426.3
1740594179305,3426.4
1740596300401,3426.5
1740598265498,3426.6
1740600716643,3426.7
1740601167742,3426.7
1740602423715,3426.8
1740603848773,3426.9
1740605294839,3427.0
1740609177025,3427.1
1740610207075,3427.2
1740611097121,3427.3
1740611157373,3427.3
1740611422134,3427.4
1740612202184,3427.4
1740612627240,3427.4
1740612922207,3427.5
1740613002208,3427.5
1740613461235,3427.6
1740615402324,3427.7
1740617473425,3427.8
1740618868489,3427.9
1740620798585,3428.0
1740623434708,3428.1
1740625719848,3428.2
1740627277893,3428.3
1740629754012,3428.4
1740632094129,3428.5
1740634239227,3428.6
1740635710295,3428.7
1740638082403,3428.8
1740640853543,3428.9
1740642903644,3429.0
1740644365715,3429.1
1740646904833,3429.2
1740649675964,3429.3
1740651622063,3429.4
1740652636108,3429.5
1740652751115,3429.6
1740652861120,3429.7
1740652981123,3429.8
1740653096131,3429.9
1740653211132,3430.0
1740654851212,3430.1
1740658034367,3430.2
1740659798447,3430.3
1740660948503,3430.4
1740662753592,3430.5
1740665637730,3430.6
1740667877838,3430.7
1740669407911,3430.8
1740671969030,3430.9
1740673260095,3431.0
1740674760170,3431.1
1740676645258,3431.2
1740679271382,3431.3
1740680317436,3431.4
1740681396486,3431.5
1740682471541,3431.6
1740683566749,3431.7
1740684657642,3431.8
1740685772699,3431.9
1740686856756,3432.0
1740687936801,3432.1
1740689041858,3432.2
1740690166909,3432.3
1740691272957,3432.4
1740692408020,3432.5
1740693073047,3432.6
1740694064095,3432.7
1740695019141,3432.8
1740696070199,3432.9
1740697261250,3433.0
1740698596314,3433.1
1740701130432,3433.2
1740702600507,3433.3
1740703655557,3433.4
1740704595610,3433.5
1740705575657,3433.6
1740706680707,3433.7
1740707720752,3433.8
1740708805811,3433.9
1740709879855,3434.0
1740710934911,3434.1
1740712004960,3434.2
1740713110015,3434.3
1740715260119,3434.4
1740718160261,3434.5
1740719785335,3434.6
1740721290407,3434.7
1740722846483,3434.8
1740724446560,3434.9
1740726791682,3435.0
1740729581814,3435.1
1740731741918,3435.2
1740733301992,3435.3
1740734907064,3435.4
1740736597144,3435.5
1740739362279,3435.6
1740742182413,3435.7
1740743932497,3435.8
1740745522574,3435.9
1740747142651,3436.0
1740748882741,3436.1
1740749017742,3436.2
1740749157748,3436.3
1740749293761,3436.4
1740749423760,3436.5
1740749558771,3436.6
1740749688792,3436.7
1740749823783,3436.8
1740750138799,3436.9
1740751013842,3437.0
1740754310002,3437.1
1740755525059,3437.2
1740756595108,3437.3
1740757695161,3437.4
1740758875228,3437.5
1740762335381,3437.6
1740764090485,3437.6
1740764635497,3437.7
1740765955558,3437.8
1740767004609,3437.9
1740768019661,3438.0
1740769050708,3438.1
1740770075770,3438.2
1740771125812,3438.3
1740772160861,3438.4
1740776956759,3438.8
1740780562739,3439.1
1740781167756,3439.2
1740782142807,3439.3
1740784449920,3439.4
1740785489972,3439.5
1740786705027,3439.6
1740788180105,3439.7
1740789495161,3439.8
1740790790226,3439.9
1740792001280,3440.0
1740793206341,3440.1
1740793626361,3440.2
1740794266401,3440.3
1740795262442,3440.4
1740796267499,3440.5
1740797267538,3440.6
1740798282588,3440.7
1740799382639,3440.8
1740800787710,3440.9
1740802167772,3441.0
1740803542841,3441.1
1740804862903,3441.2
1740805847950,3441.3
1740806768056,3441.4
1740807678040,3441.5
1740808643086,3441.6
1740809628133,3441.7
1740810598181,3441.8
1740811804239,3441.9
1740812934289,3442.0
1740815649423,3442.1
1740817239499,3442.2
1740818794573,3442.3
1740820374649,3442.4
1740821979740,3442.5
1740824659856,3442.6
1740827469992,3442.7
1740829365087,3442.8
1740830930161,3442.9
1740832531233,3443.0
1740834486328,3443.1
1740837286465,3443.2
1740839031548,3443.3
1740840081602,3443.4
1740840196604,3443.5
1740840306614,3443.6
1740840421620,3443.7
1740840531619,3443.8
1740840646626,3443.9
1740840761631,3444.0
1740840871637,3444.1
1740840986643,3444.2
1740841486668,3444.3
1740842554720,3444.4
1740843644789,3444.5
1740844739827,3444.6
1740845864883,3444.7
1740847799973,3444.8
1740849885077,3444.9
1740851755160,3445.0
1740853190228,3445.1
1740854660301,3445.2
1740857215424,3445.3
1740862255678,3445.4
1740867730933,3445.5
1740871021098,3445.6
1740871791134,3445.7
1740871911140,3445.8
1740872031147,3445.9
1740873066192,3446.0
1740874536266,3446.1
1740876011339,3446.2
1740877466405,3446.3
1740878926475,3446.4
1740880091534,3446.5
1740881101582,3446.6
1740882101633,3446.7
1740882992679,3446.8
1740883972721,3446.9
1740884883768,3447.0
1740885758807,3447.1
1740886643849,3447.2
1740887643899,3447.3
1740888643960,3447.4
1740889644011,3447.5
1740890689061,3447.6
1740892304143,3447.7
1740893919224,3447.8
1740895550296,3447.9
1740897175374,3448.0
1740898785733,3448.1
1740900457535,3448.2
1740903232671,3448.3
1740905962798,3448.4
1740907468875,3448.5
1740909010946,3448.6
1740910596023,3448.7
1740912196106,3448.8
1740913826182,3448.9
1740916366299,3449.0
1740919111433,3449.1
1740921066528,3449.2
1740922641609,3449.3
1740924241681,3449.4
1740925871760,3449.5
1740927501842,3449.6
1740928326879,3449.7
1740928451887,3449.8
1740928576891,3449.9
1740928696898,3450.0
1740928821904,3450.1
1740928946910,3450.2
1740929076918,3450.3
1740929201923,3450.4
1740932202068,3450.5
1740933662138,3450.6
1740934767191,3450.7
1740935842241,3450.8
1740936957293,3450.9
1740938082348,3451.0
1740939152402,3451.1
1740940262457,3451.2
1740941312517,3451.3
1740942262554,3451.4
1740943227602,3451.5
1740944267650,3451.6
1740945302728,3451.7
1740946342751,3451.8
1740947387803,3451.9
1740954837164,3452.0
1740956409241,3452.1
1740957822314,3452.2
1740958867362,3452.3
1740959892412,3452.4
1740960887460,3452.5
1740961857507,3452.6
1740962882556,3452.7
1740963922608,3452.8
1740964967658,3452.9
1740966272725,3453.0
1740967857794,3453.1
1740969472875,3453.2
1740971133071,3453.3
1740972763036,3453.4
1740974383113,3453.5
1740975948197,3453.6
1740978293304,3453.7
1740980891426,3453.8
1740983061534,3453.9
1740984541604,3454.0
1740986041677,3454.1
1740987631758,3454.2
1740989276835,3454.3
1740992016965,3454.4
1740994774096,3454.5
1740996745192,3454.6
1740998295272,3454.7
1740999896011,3454.8
1741001570432,3454.9
1741004327563,3455.0
1741004842582,3455.1
1741004962590,3455.2
1741005082596,3455.3
1741005197599,3455.4
1741005682622,3455.5
1741007773721,3455.6
1741009143787,3455.7
1741010703865,3455.8
1741012174934,3455.9
1741012748964,3456.0
1741014393042,3456.1
1741015809114,3456.2
1741016969164,3456.3
1741018478238,3456.4
1741019753299,3456.5
1741020993359,3456.6
1741022248420,3456.7
1741023693492,3456.8
1741025202565,3456.9
1741026547626,3457.0
1741027207660,3457.1
1741028252714,3457.2
1741029312763,3457.3
1741030367815,3457.4
1741031432866,3457.5
1741032687930,3457.6
1741034127997,3457.7
1741035568069,3457.8
1741037023137,3457.9
1741038393203,3458.0
1741039378918,3458.1
1741040668319,3458.2
1741042243391,3458.3
1741043128433,3458.4
1741044053479,3458.5
1741045053525,3458.6
1741046078584,3458.7
1741047273637,3458.8
1741049918764,3458.9
1741051964858,3459.0
1741052979904,3459.1
1741053764956,3459.2
1741054589983,3459.3
1741055455026,3459.4
1741056324071,3459.5
1741057354115,3459.6
1741058934192,3459.7
1741061221309,3459.8
1741063993438,3459.9
1741066418562,3460.0
1741067918629,3460.1
1741069498706,3460.2
1741071136786,3460.3
1741073332890,3460.4
1741076119021,3460.5
1741078794152,3460.6
1741080309227,3460.7
1741081874301,3460.8
1741083509377,3460.9
1741085979492,3461.0
1741088645622,3461.1
1741091145741,3461.2
1741092670815,3461.3
1741094285893,3461.4
1741094720913,3461.5
1741094910922,3461.6
1741095025928,3461.7
1741095145933,3461.8
1741095265960,3461.9
1741095380948,3462.0
1741095500950,3462.1
1741095615964,3462.2
1741095735962,3462.3
1741095855967,3462.4
1741098085071,3462.5
1741099632146,3462.6
